{
  "mean": [
    0.3438271126,
    0.3799947054,
    0.407612037
  ],
  "std": [
    0.2024812323,
    0.1369397151,
    0.1156126249
  ],
  "source_split": "train",
  "num_images": 18900,
  "num_pixels": 77414400,
  "input_size": [
    64,
    64
  ],
  "resized_images_for_stats": 0
}
